{
  "camera": {
    "pitch": -14.87997817993164,
    "yaw": 2379.1728515625
  },
  "player_position": [
    -160.011962890625,
    46.431297302246094,
    23.416748046875
  ]
}
