{
  "camera": {
    "pitch": 3.079986572265625,
    "yaw": 5849.138671875
  },
  "player_position": [
    -12738.4384765625,
    21.745813369750977,
    -978.7476806640625
  ]
}
