{
  "camera": {
    "pitch": -51.300025939941406,
    "yaw": 12083.5224609375
  },
  "player_position": [
    -4495.15234375,
    44.024269104003906,
    -1322.6785888671875
  ]
}
