{
  "camera": {
    "pitch": -1.0,
    "yaw": 2574.0
  },
  "player_position": [
    -12314.8505859375,
    57.172080993652344,
    415.5499267578125
  ]
}
