{
  "camera": {
    "pitch": 10.0,
    "yaw": 4352.0
  },
  "player_position": [
    -14528.837890625,
    40.27630615234375,
    -1713.22802734375
  ]
}
