{
  "camera": {
    "pitch": -62.640018463134766,
    "yaw": 15078.0751953125
  },
  "player_position": [
    -4230.02734375,
    22.59698486328125,
    -1802.8016357421875
  ]
}
