{
  "camera": {
    "pitch": -46.0,
    "yaw": 7476.0
  },
  "player_position": [
    -15764.8837890625,
    17.02696990966797,
    537.7743530273438
  ]
}
