{
  "camera": {
    "pitch": -46.369964599609375,
    "yaw": 1884.4608154296875
  },
  "player_position": [
    -5081.02685546875,
    24.15069007873535,
    -6533.0712890625
  ]
}
