{
  "camera": {
    "pitch": -22.810056686401367,
    "yaw": 2550.697265625
  },
  "player_position": [
    -12314.8505859375,
    57.172080993652344,
    415.5499267578125
  ]
}
