{
  "camera": {
    "pitch": -89.0,
    "yaw": 174.61029052734375
  },
  "player_position": [
    11.450152397155762,
    39.037025451660156,
    7.798854351043701
  ]
}
