{
  "camera": {
    "pitch": -12.0,
    "yaw": 5942.0
  },
  "player_position": [
    -12780.5849609375,
    21.745813369750977,
    -1004.5572509765625
  ]
}
