{
  "camera": {
    "pitch": 0.26994258165359497,
    "yaw": 7541.47314453125
  },
  "player_position": [
    -15236.7041015625,
    24.956058502197266,
    -1706.8353271484375
  ]
}
