{
  "camera": {
    "pitch": 3.6600003242492676,
    "yaw": 5987.24072265625
  },
  "player_position": [
    -12780.5849609375,
    21.745813369750977,
    -1004.5572509765625
  ]
}
