{
  "camera": {
    "pitch": -5.0,
    "yaw": 1172.0
  },
  "player_position": [
    -84.46631622314453,
    61.032222747802734,
    -824.153076171875
  ]
}
