{
  "camera": {
    "pitch": -44.25999069213867,
    "yaw": 7473.09765625
  },
  "player_position": [
    -15734.8349609375,
    23.16841697692871,
    268.8256530761719
  ]
}
