{
  "camera": {
    "pitch": -25.900001525878906,
    "yaw": 12184.4658203125
  },
  "player_position": [
    -4467.998046875,
    50.5264892578125,
    -1681.278564453125
  ]
}
