{
  "camera": {
    "pitch": -44.0,
    "yaw": 7473.0
  },
  "player_position": [
    -15734.8349609375,
    23.16841697692871,
    268.8256530761719
  ]
}
