{
  "camera": {
    "pitch": -57.0,
    "yaw": 653.0
  },
  "player_movement_speed": 10.0,
  "player_position": [
    11.45468521118164,
    111.48399353027344,
    114.47990417480469
  ]
}
