{
  "application": {
    "imgui_enabled": true
  },
  "chunk_manager": {
    "load_distance": 18
  },
  "fps_cam": {
    "pitch": -22.79999351501465,
    "yaw": 205.6988983154297
  },
  "main": {
    "fps_cam_fov_deg": 70.00000762939453,
    "load_distance": 0,
    "mouse_sensitivity": 1.0
  },
  "renderer": {
    "wireframe_enabled": false
  },
  "world": {
    "player_position": [
      287.0205078125,
      41.53857421875,
      28.2945613861084
    ]
  }
}
