{
  "application": {
    "imgui_enabled": true
  },
  "chunk_manager": {
    "load_distance": 18
  },
  "fps_cam": {
    "pitch": -21.100013732910156,
    "yaw": 454.4991149902344
  },
  "main": {
    "fps_cam_fov_deg": 103.00000762939453,
    "load_distance": 0,
    "mouse_sensitivity": 1.0
  },
  "renderer": {
    "wireframe_enabled": false
  },
  "world": {
    "player_position": [
      9.147300720214844,
      29.19194984436035,
      -8.674488067626953
    ]
  }
}
