{
  "main": {
    "fps_cam_fov_deg": 3.115226616040501e-41,
    "load_distance": 0,
    "mouse_sensitivity": 2.5412515469724895e-07,
    "orbit_mouse_sensitivity": 0.4580000042915344
  }
}
