{
  "application": {
    "imgui_enabled": true
  },
  "chunk_manager": {
    "load_distance": 18
  },
  "fps_cam": {
    "pitch": 3.0122883319854736,
    "yaw": 961.6388549804688
  },
  "main": {
    "fps_cam_fov_deg": 74.00000762939453,
    "load_distance": 0,
    "mouse_sensitivity": 2.196000099182129
  },
  "renderer": {
    "wireframe_enabled": false
  },
  "world": {
    "player_position": [
      25.429784774780273,
      19.88176727294922,
      11.159701347351074
    ]
  }
}
