{
  "application": {
    "imgui_enabled": false
  },
  "fps_cam": {
    "pitch": -21.100013732910156,
    "yaw": 454.4991149902344
  },
  "main": {
    "fps_cam_fov_deg": 103.00000762939453,
    "load_distance": 0,
    "mouse_sensitivity": 1.0
  },
  "renderer": {
    "wireframe_enabled": false
  },
  "world": {
    "load_distance": 192,
    "player_position": [
      29.29656410217285,
      27.903587341308594,
      -3.7398228645324707
    ]
  }
}
