{
  "fps_cam": {
    "pitch": -23.199922561645508,
    "yaw": 162.59988403320313
  },
  "main": {
    "fps_cam_fov_deg": 103.00000762939453,
    "imgui_enabled": true,
    "load_distance": 0,
    "mouse_sensitivity": 1.0,
    "wireframe_enabled": false
  },
  "world": {
    "load_distance": 192,
    "player_position": [
      50.79719924926758,
      37.075504302978516,
      -17.867658615112305
    ]
  }
}
