{
  "application": {
    "imgui_enabled": true
  },
  "chunk_manager": {
    "load_distance": 10
  },
  "fps_cam": {
    "pitch": 3.0122883319854736,
    "yaw": 961.6388549804688
  },
  "main": {
    "fps_cam_fov_deg": 74.00000762939453,
    "load_distance": 0,
    "mouse_sensitivity": 2.196000099182129,
    "orbit_mouse_sensitivity": 0.4580000042915344
  },
  "renderer": {
    "wireframe_enabled": false
  }
}
