{
  "application": {
    "imgui_enabled": false
  },
  "fps_cam": {
    "pitch": -46.500003814697266,
    "yaw": 445.1993713378906
  },
  "main": {
    "fps_cam_fov_deg": 103.00000762939453,
    "load_distance": 0,
    "mouse_sensitivity": 1.0
  },
  "renderer": {
    "wireframe_enabled": false
  },
  "world": {
    "load_distance": 192,
    "player_position": [
      2.613468647003174,
      34.919273376464844,
      0.12461498379707336
    ]
  }
}
