{
  "application": {
    "imgui_enabled": true
  },
  "chunk_manager": {
    "load_distance": 18
  },
  "fps_cam": {
    "pitch": -20.48487663269043,
    "yaw": 800.2374267578125
  },
  "main": {
    "fps_cam_fov_deg": 74.00000762939453,
    "load_distance": 0,
    "mouse_sensitivity": 2.196000099182129
  },
  "renderer": {
    "wireframe_enabled": false
  },
  "world": {
    "player_position": [
      19.731998443603516,
      30.366878509521484,
      22.456483840942383
    ]
  }
}
