{
  "application": {
    "imgui_enabled": true
  },
  "chunk_manager": {
    "load_distance": 18
  },
  "fps_cam": {
    "pitch": -25.755313873291016,
    "yaw": 924.0913696289063
  },
  "main": {
    "fps_cam_fov_deg": 74.00000762939453,
    "load_distance": 0,
    "mouse_sensitivity": 2.196000099182129
  },
  "renderer": {
    "wireframe_enabled": false
  },
  "world": {
    "player_position": [
      26.191499710083008,
      35.682151794433594,
      10.22805118560791
    ]
  }
}
