{
  "application": {
    "imgui_enabled": true
  },
  "chunk_manager": {
    "load_distance": 18
  },
  "fps_cam": {
    "pitch": -18.399911880493164,
    "yaw": 389.19873046875
  },
  "main": {
    "fps_cam_fov_deg": 70.00000762939453,
    "load_distance": 0,
    "mouse_sensitivity": 1.0
  },
  "renderer": {
    "wireframe_enabled": false
  },
  "world": {
    "player_position": [
      -1.7568401098251343,
      31.61760711669922,
      12.356146812438965
    ]
  }
}
