{
  "fps_cam": {
    "pitch": -62.799564361572266,
    "yaw": -162.30067443847656
  },
  "main": {
    "fps_cam_fov_deg": 103.00000762939453,
    "imgui_enabled": true,
    "load_distance": 0,
    "mouse_sensitivity": 1.0,
    "wireframe_enabled": false
  },
  "world": {
    "load_distance": 31,
    "player_position": [
      25.094709396362305,
      38.48966979980469,
      19.855979919433594
    ]
  }
}
