{
  "fps_cam": {
    "pitch": -69.4995346069336,
    "yaw": -163.9007110595703
  },
  "main": {
    "fps_cam_fov_deg": 103.00000762939453,
    "imgui_enabled": true,
    "load_distance": 0,
    "mouse_sensitivity": 1.0,
    "wireframe_enabled": false
  },
  "world": {
    "load_distance": 31,
    "player_position": [
      25.32227325439453,
      40.76359176635742,
      22.986913681030273
    ]
  }
}
