{
  "application": {
    "imgui_enabled": false
  },
  "chunk_manager": {
    "load_distance": 18
  },
  "fps_cam": {
    "pitch": -24.699909210205078,
    "yaw": 345.4986877441406
  },
  "main": {
    "fps_cam_fov_deg": 70.00000762939453,
    "load_distance": 0,
    "mouse_sensitivity": 1.0
  },
  "renderer": {
    "wireframe_enabled": false
  },
  "world": {
    "player_position": [
      91.70491027832031,
      31.962770462036133,
      25.230449676513672
    ]
  }
}
