{
  "application": {
    "imgui_enabled": false
  },
  "chunk_manager": {
    "load_distance": 18
  },
  "fps_cam": {
    "pitch": -22.799999237060547,
    "yaw": 212.6987762451172
  },
  "main": {
    "fps_cam_fov_deg": 70.00000762939453,
    "load_distance": 0,
    "mouse_sensitivity": 1.0
  },
  "renderer": {
    "wireframe_enabled": false
  },
  "world": {
    "player_position": [
      100.68614959716797,
      32.447227478027344,
      17.232547760009766
    ]
  }
}
