{
  "application": {
    "imgui_enabled": true
  },
  "chunk_manager": {
    "load_distance": 18
  },
  "fps_cam": {
    "pitch": -25.755313873291016,
    "yaw": 924.0913696289063
  },
  "main": {
    "fps_cam_fov_deg": 74.00000762939453,
    "load_distance": 0,
    "mouse_sensitivity": 2.196000099182129
  },
  "renderer": {
    "wireframe_enabled": false
  },
  "world": {
    "player_position": [
      13.803877830505371,
      34.31184387207031,
      13.505366325378418
    ]
  }
}
