{
  "application": {
    "imgui_enabled": false
  },
  "fps_cam": {
    "pitch": -38.200008392333984,
    "yaw": 443.7991027832031
  },
  "main": {
    "fps_cam_fov_deg": 103.00000762939453,
    "load_distance": 0,
    "mouse_sensitivity": 1.0
  },
  "renderer": {
    "wireframe_enabled": false
  },
  "world": {
    "load_distance": 192,
    "player_position": [
      25.15082359313965,
      32.6036376953125,
      -2.811680316925049
    ]
  }
}
