{
  "fps_cam": {
    "pitch": -42.69995880126953,
    "yaw": 181.4998321533203
  },
  "main": {
    "fps_cam_fov_deg": 103.00000762939453,
    "imgui_enabled": true,
    "load_distance": 0,
    "mouse_sensitivity": 1.0,
    "wireframe_enabled": false
  },
  "world": {
    "load_distance": 192,
    "player_position": [
      48.372745513916016,
      49.47071838378906,
      13.473540306091309
    ]
  }
}
