{
  "application": {
    "imgui_enabled": true
  },
  "fps_cam": {
    "pitch": -8.199980735778809,
    "yaw": 112.69979095458984
  },
  "main": {
    "fps_cam_fov_deg": 103.00000762939453,
    "load_distance": 0,
    "mouse_sensitivity": 1.0
  },
  "renderer": {
    "wireframe_enabled": false
  },
  "world": {
    "load_distance": 192,
    "player_position": [
      22.42706871032715,
      33.723419189453125,
      3.320801258087158
    ]
  }
}
